country,metric,change,before,after
Canada,Visitors,-0.2142857142857143,14000,11000
Canada,Nights,-0.6013986013986015,429000,171000
Canada,Spend,-0.4000245102330223,57119000,34270000
China,Visitors,0.18181818181818188,66000,78000
China,Nights,0.5616554054054055,1184000,1849000
China,Spend,0.37875784290970516,262817000,362361000
France,Visitors,-0.25,12000,9000
France,Nights,-0.3153575615474795,853000,584000
France,Spend,0.1256264515340424,65448000,73670000
Germany,Visitors,-0.0714285714285714,14000,13000
Germany,Nights,0.011904761904761862,252000,255000
Germany,Spend,-0.002210894798255869,48849000,48741000
Hong Kong,Visitors,-0.23809523809523814,21000,16000
Hong Kong,Nights,0.06397306397306401,297000,316000
Hong Kong,Spend,-0.21612384690020714,69053000,54129000
India,Visitors,0.07317073170731714,41000,44000
India,Nights,0.31081081081081074,1332000,1746000
India,Spend,0.1361270787500295,169092000,192110000
Indonesia,Visitors,-0.23529411764705888,17000,13000
Indonesia,Nights,-0.4990138067061144,507000,254000
Indonesia,Spend,-0.4669770057485628,64016000,34122000
Japan,Visitors,-0.2571428571428571,35000,26000
Japan,Nights,-0.4635761589403974,755000,405000
Japan,Spend,-0.41400909585704926,108401000,63522000
Korea,Visitors,-0.21052631578947367,19000,15000
Korea,Nights,0.12424242424242427,330000,371000
Korea,Spend,0.1917287574320765,53148000,63338000
Malaysia,Visitors,0.3125,16000,21000
Malaysia,Nights,0.25816993464052285,306000,385000
Malaysia,Spend,0.04129300094717969,49621000,51670000
Netherlands,Visitors,-0.4,5000,3000
Netherlands,Nights,-0.4852941176470589,68000,35000
Netherlands,Spend,-0.3317388003037206,13170000,8801000
New Zealand,Visitors,0.03125,160000,165000
New Zealand,Nights,-0.10548230395558644,1441000,1289000
New Zealand,Spend,0.1831491827964331,263643000,311929000
Philippines,Visitors,0.0714285714285714,14000,15000
Philippines,Nights,-0.23716381418092913,409000,312000
Philippines,Spend,0.03583617747440271,33988000,35206000
Scandinavia,Visitors,0.0,8000,8000
Scandinavia,Nights,0.006756756756756799,148000,149000
Scandinavia,Spend,-0.2796858480592056,33105000,23846000
Singapore,Visitors,0.0,53000,53000
Singapore,Nights,-0.3489425981873112,662000,431000
Singapore,Spend,-0.33264222271639177,152894000,102035000
UK,Visitors,0.0,51000,51000
UK,Nights,-0.08633824276282376,1969000,1799000
UK,Spend,0.0994940978077572,220596000,242544000
USA,Visitors,-0.17582417582417587,91000,75000
USA,Nights,-0.3187772925764192,1374000,936000
USA,Spend,-0.1426054407087286,282647000,242340000
Viet Nam,Visitors,-0.42105263157894735,19000,11000
Viet Nam,Nights,-0.4070588235294118,425000,252000
Viet Nam,Spend,-0.45812231676906856,77798000,42157000
