link,traveller,destination,value,x,y,y2
Domestic day → In Australia,Domestic day,In Australia,2877802000,0.0,0.0,2.877802
Domestic day → In Australia,Domestic day,In Australia,2877802000,0.03333333333333333,0.0,2.877802
Domestic day → In Australia,Domestic day,In Australia,2877802000,0.06666666666666667,0.0,2.877802
Domestic day → In Australia,Domestic day,In Australia,2877802000,0.1,0.0,2.877802
Domestic day → In Australia,Domestic day,In Australia,2877802000,0.13333333333333333,0.0,2.877802
Domestic day → In Australia,Domestic day,In Australia,2877802000,0.16666666666666666,0.0,2.877802
Domestic day → In Australia,Domestic day,In Australia,2877802000,0.2,0.0,2.877802
Domestic day → In Australia,Domestic day,In Australia,2877802000,0.23333333333333334,0.0,2.877802
Domestic day → In Australia,Domestic day,In Australia,2877802000,0.26666666666666666,0.0,2.877802
Domestic day → In Australia,Domestic day,In Australia,2877802000,0.3,0.0,2.877802
Domestic day → In Australia,Domestic day,In Australia,2877802000,0.3333333333333333,0.0,2.877802
Domestic day → In Australia,Domestic day,In Australia,2877802000,0.36666666666666664,0.0,2.877802
Domestic day → In Australia,Domestic day,In Australia,2877802000,0.4,0.0,2.877802
Domestic day → In Australia,Domestic day,In Australia,2877802000,0.43333333333333335,0.0,2.877802
Domestic day → In Australia,Domestic day,In Australia,2877802000,0.4666666666666667,0.0,2.877802
Domestic day → In Australia,Domestic day,In Australia,2877802000,0.5,0.0,2.877802
Domestic day → In Australia,Domestic day,In Australia,2877802000,0.5333333333333333,0.0,2.877802
Domestic day → In Australia,Domestic day,In Australia,2877802000,0.5666666666666667,0.0,2.877802
Domestic day → In Australia,Domestic day,In Australia,2877802000,0.6,0.0,2.877802
Domestic day → In Australia,Domestic day,In Australia,2877802000,0.6333333333333333,0.0,2.877802
Domestic day → In Australia,Domestic day,In Australia,2877802000,0.6666666666666666,0.0,2.877802
Domestic day → In Australia,Domestic day,In Australia,2877802000,0.7,0.0,2.877802
Domestic day → In Australia,Domestic day,In Australia,2877802000,0.7333333333333333,0.0,2.877802
Domestic day → In Australia,Domestic day,In Australia,2877802000,0.7666666666666667,0.0,2.877802
Domestic day → In Australia,Domestic day,In Australia,2877802000,0.8,0.0,2.877802
Domestic day → In Australia,Domestic day,In Australia,2877802000,0.8333333333333334,0.0,2.877802
Domestic day → In Australia,Domestic day,In Australia,2877802000,0.8666666666666667,0.0,2.877802
Domestic day → In Australia,Domestic day,In Australia,2877802000,0.9,0.0,2.877802
Domestic day → In Australia,Domestic day,In Australia,2877802000,0.9333333333333333,0.0,2.877802
Domestic day → In Australia,Domestic day,In Australia,2877802000,0.9666666666666667,0.0,2.877802
Domestic day → In Australia,Domestic day,In Australia,2877802000,1.0,0.0,2.877802
Domestic overnight → In Australia,Domestic overnight,In Australia,12015989000,0.0,3.427802,15.443791
Domestic overnight → In Australia,Domestic overnight,In Australia,12015989000,0.03333333333333333,3.426009407407407,15.441998407407407
Domestic overnight → In Australia,Domestic overnight,In Australia,12015989000,0.06666666666666667,3.420794592592592,15.436783592592592
Domestic overnight → In Australia,Domestic overnight,In Australia,12015989000,0.1,3.4124019999999997,15.428391
Domestic overnight → In Australia,Domestic overnight,In Australia,12015989000,0.13333333333333333,3.4010760740740738,15.417065074074074
Domestic overnight → In Australia,Domestic overnight,In Australia,12015989000,0.16666666666666666,3.387061259259259,15.403050259259258
Domestic overnight → In Australia,Domestic overnight,In Australia,12015989000,0.2,3.370602,15.386591
Domestic overnight → In Australia,Domestic overnight,In Australia,12015989000,0.23333333333333334,3.3519427407407405,15.36793174074074
Domestic overnight → In Australia,Domestic overnight,In Australia,12015989000,0.26666666666666666,3.3313279259259256,15.347316925925925
Domestic overnight → In Australia,Domestic overnight,In Australia,12015989000,0.3,3.309002,15.324990999999999
Domestic overnight → In Australia,Domestic overnight,In Australia,12015989000,0.3333333333333333,3.2852094074074074,15.301198407407407
Domestic overnight → In Australia,Domestic overnight,In Australia,12015989000,0.36666666666666664,3.2601945925925926,15.276183592592592
Domestic overnight → In Australia,Domestic overnight,In Australia,12015989000,0.4,3.234202,15.250191
Domestic overnight → In Australia,Domestic overnight,In Australia,12015989000,0.43333333333333335,3.2074760740740738,15.223465074074074
Domestic overnight → In Australia,Domestic overnight,In Australia,12015989000,0.4666666666666667,3.180261259259259,15.196250259259259
Domestic overnight → In Australia,Domestic overnight,In Australia,12015989000,0.5,3.152802,15.168790999999999
Domestic overnight → In Australia,Domestic overnight,In Australia,12015989000,0.5333333333333333,3.1253427407407406,15.141331740740739
Domestic overnight → In Australia,Domestic overnight,In Australia,12015989000,0.5666666666666667,3.098127925925926,15.114116925925925
Domestic overnight → In Australia,Domestic overnight,In Australia,12015989000,0.6,3.071402,15.087391
Domestic overnight → In Australia,Domestic overnight,In Australia,12015989000,0.6333333333333333,3.045409407407407,15.061398407407406
Domestic overnight → In Australia,Domestic overnight,In Australia,12015989000,0.6666666666666666,3.0203945925925924,15.036383592592593
Domestic overnight → In Australia,Domestic overnight,In Australia,12015989000,0.7,2.996602,15.012591
Domestic overnight → In Australia,Domestic overnight,In Australia,12015989000,0.7333333333333333,2.974276074074074,14.990265074074074
Domestic overnight → In Australia,Domestic overnight,In Australia,12015989000,0.7666666666666667,2.9536612592592593,14.969650259259259
Domestic overnight → In Australia,Domestic overnight,In Australia,12015989000,0.8,2.935002,14.950990999999998
Domestic overnight → In Australia,Domestic overnight,In Australia,12015989000,0.8333333333333334,2.9185427407407407,14.93453174074074
Domestic overnight → In Australia,Domestic overnight,In Australia,12015989000,0.8666666666666667,2.904527925925926,14.920516925925925
Domestic overnight → In Australia,Domestic overnight,In Australia,12015989000,0.9,2.893202,14.909191
Domestic overnight → In Australia,Domestic overnight,In Australia,12015989000,0.9333333333333333,2.884809407407407,14.900798407407407
Domestic overnight → In Australia,Domestic overnight,In Australia,12015989000,0.9666666666666667,2.8795945925925928,14.895583592592592
Domestic overnight → In Australia,Domestic overnight,In Australia,12015989000,1.0,2.877802,14.893791
International → In Australia,International,In Australia,2339479000,0.0,15.993791,18.33327
International → In Australia,International,In Australia,2339479000,0.03333333333333333,15.990205814814814,18.329684814814815
International → In Australia,International,In Australia,2339479000,0.06666666666666667,15.979776185185186,18.319255185185185
International → In Australia,International,In Australia,2339479000,0.1,15.962991,18.30247
International → In Australia,International,In Australia,2339479000,0.13333333333333333,15.940339148148148,18.27981814814815
International → In Australia,International,In Australia,2339479000,0.16666666666666666,15.91230951851852,18.25178851851852
International → In Australia,International,In Australia,2339479000,0.2,15.879391,18.21887
International → In Australia,International,In Australia,2339479000,0.23333333333333334,15.842072481481482,18.18155148148148
International → In Australia,International,In Australia,2339479000,0.26666666666666666,15.800842851851852,18.14032185185185
International → In Australia,International,In Australia,2339479000,0.3,15.756191,18.09567
International → In Australia,International,In Australia,2339479000,0.3333333333333333,15.708605814814815,18.048084814814814
International → In Australia,International,In Australia,2339479000,0.36666666666666664,15.658576185185185,17.998055185185184
International → In Australia,International,In Australia,2339479000,0.4,15.606591,17.94607
International → In Australia,International,In Australia,2339479000,0.43333333333333335,15.553139148148148,17.89261814814815
International → In Australia,International,In Australia,2339479000,0.4666666666666667,15.498709518518519,17.838188518518518
International → In Australia,International,In Australia,2339479000,0.5,15.443791000000001,17.78327
International → In Australia,International,In Australia,2339479000,0.5333333333333333,15.388872481481481,17.728351481481482
International → In Australia,International,In Australia,2339479000,0.5666666666666667,15.334442851851852,17.67392185185185
International → In Australia,International,In Australia,2339479000,0.6,15.280991,17.62047
International → In Australia,International,In Australia,2339479000,0.6333333333333333,15.229005814814816,17.568484814814816
International → In Australia,International,In Australia,2339479000,0.6666666666666666,15.178976185185185,17.518455185185186
International → In Australia,International,In Australia,2339479000,0.7,15.131391,17.47087
International → In Australia,International,In Australia,2339479000,0.7333333333333333,15.086739148148148,17.42621814814815
International → In Australia,International,In Australia,2339479000,0.7666666666666667,15.045509518518518,17.38498851851852
International → In Australia,International,In Australia,2339479000,0.8,15.008191,17.34767
International → In Australia,International,In Australia,2339479000,0.8333333333333334,14.97527248148148,17.31475148148148
International → In Australia,International,In Australia,2339479000,0.8666666666666667,14.947242851851852,17.28672185185185
International → In Australia,International,In Australia,2339479000,0.9,14.924591,17.26407
International → In Australia,International,In Australia,2339479000,0.9333333333333333,14.907805814814814,17.247284814814815
International → In Australia,International,In Australia,2339479000,0.9666666666666667,14.897376185185186,17.236855185185185
International → In Australia,International,In Australia,2339479000,1.0,14.893791,17.23327
International → Outside Australia,International,Outside Australia,1615926000,0.0,18.33327,19.949196
International → Outside Australia,International,Outside Australia,1615926000,0.03333333333333333,18.333161564444442,19.94908756444444
International → Outside Australia,International,Outside Australia,1615926000,0.06666666666666667,18.332846115555554,19.948772115555556
International → Outside Australia,International,Outside Australia,1615926000,0.1,18.332338439999997,19.948264439999996
International → Outside Australia,International,Outside Australia,1615926000,0.13333333333333333,18.331653324444442,19.94757932444444
International → Outside Australia,International,Outside Australia,1615926000,0.16666666666666666,18.330805555555553,19.94673155555555
International → Outside Australia,International,Outside Australia,1615926000,0.2,18.32980992,19.945735919999997
International → Outside Australia,International,Outside Australia,1615926000,0.23333333333333334,18.328681204444443,19.944607204444445
International → Outside Australia,International,Outside Australia,1615926000,0.26666666666666666,18.327434195555554,19.943360195555556
International → Outside Australia,International,Outside Australia,1615926000,0.3,18.32608368,19.942009679999998
International → Outside Australia,International,Outside Australia,1615926000,0.3333333333333333,18.324644444444445,19.940570444444447
International → Outside Australia,International,Outside Australia,1615926000,0.36666666666666664,18.323131275555554,19.939057275555555
International → Outside Australia,International,Outside Australia,1615926000,0.4,18.32155896,19.93748496
International → Outside Australia,International,Outside Australia,1615926000,0.43333333333333335,18.319942284444444,19.935868284444446
International → Outside Australia,International,Outside Australia,1615926000,0.4666666666666667,18.318296035555555,19.934222035555557
International → Outside Australia,International,Outside Australia,1615926000,0.5,18.316634999999998,19.932561
International → Outside Australia,International,Outside Australia,1615926000,0.5333333333333333,18.314973964444444,19.930899964444443
International → Outside Australia,International,Outside Australia,1615926000,0.5666666666666667,18.313327715555555,19.929253715555554
International → Outside Australia,International,Outside Australia,1615926000,0.6,18.31171104,19.92763704
International → Outside Australia,International,Outside Australia,1615926000,0.6333333333333333,18.310138724444446,19.926064724444444
International → Outside Australia,International,Outside Australia,1615926000,0.6666666666666666,18.308625555555555,19.924551555555553
International → Outside Australia,International,Outside Australia,1615926000,0.7,18.30718632,19.92311232
International → Outside Australia,International,Outside Australia,1615926000,0.7333333333333333,18.305835804444445,19.921761804444444
International → Outside Australia,International,Outside Australia,1615926000,0.7666666666666667,18.304588795555556,19.920514795555555
International → Outside Australia,International,Outside Australia,1615926000,0.8,18.30346008,19.919386080000002
International → Outside Australia,International,Outside Australia,1615926000,0.8333333333333334,18.302464444444446,19.918390444444448
International → Outside Australia,International,Outside Australia,1615926000,0.8666666666666667,18.301616675555557,19.91754267555556
International → Outside Australia,International,Outside Australia,1615926000,0.9,18.300931560000002,19.916857560000004
International → Outside Australia,International,Outside Australia,1615926000,0.9333333333333333,18.300423884444445,19.916349884444443
International → Outside Australia,International,Outside Australia,1615926000,0.9666666666666667,18.300108435555558,19.91603443555556
International → Outside Australia,International,Outside Australia,1615926000,1.0,18.3,19.915926
