country,year,spend,total_spend,nights,visitors
Canada,2025,34270000,73713000,171000,11000
Canada,2024,57119000,104959000,429000,14000
China,2024,262817000,402548000,1184000,66000
China,2025,362361000,500820000,1849000,78000
France,2024,65448000,99271000,853000,12000
France,2025,73670000,118651000,584000,9000
Germany,2025,48741000,84999000,255000,13000
Germany,2024,48849000,101973000,252000,14000
Hong Kong,2025,54129000,81211000,316000,16000
Hong Kong,2024,69053000,102957000,297000,21000
India,2024,169092000,249602000,1332000,41000
India,2025,192110000,278834000,1746000,44000
Indonesia,2025,34122000,48512000,254000,13000
Indonesia,2024,64016000,85897000,507000,17000
Japan,2025,63522000,118117000,405000,26000
Japan,2024,108401000,197866000,755000,35000
Korea,2024,53148000,86661000,330000,19000
Korea,2025,63338000,93255000,371000,15000
Malaysia,2024,49621000,70793000,306000,16000
Malaysia,2025,51670000,78949000,385000,21000
Netherlands,2025,8801000,21014000,35000,3000
Netherlands,2024,13170000,30390000,68000,5000
New Zealand,2024,263643000,401135000,1441000,160000
New Zealand,2025,311929000,455958000,1289000,165000
Philippines,2024,33988000,51668000,409000,14000
Philippines,2025,35206000,56427000,312000,15000
Scandinavia,2025,23846000,50431000,149000,8000
Scandinavia,2024,33105000,57489000,148000,8000
Singapore,2025,102035000,203582000,431000,53000
Singapore,2024,152894000,253388000,662000,53000
UK,2024,220596000,393371000,1969000,51000
UK,2025,242544000,463745000,1799000,51000
USA,2025,242340000,554169000,936000,75000
USA,2024,282647000,687926000,1374000,91000
Viet Nam,2025,42157000,71182000,252000,11000
Viet Nam,2024,77798000,119362000,425000,19000
