metric,traveller,share,x,y
Visitor trips,International,0.035334074685418694,0,9
Visitor trips,International,0.035334074685418694,1,9
Visitor trips,International,0.035334074685418694,2,9
Visitor trips,International,0.035334074685418694,3,9
Visitor trips,Domestic overnight,0.41151018759380553,4,9
Visitor trips,Domestic overnight,0.41151018759380553,5,9
Visitor trips,Domestic overnight,0.41151018759380553,6,9
Visitor trips,Domestic overnight,0.41151018759380553,7,9
Visitor trips,Domestic overnight,0.41151018759380553,8,9
Visitor trips,Domestic overnight,0.41151018759380553,9,9
Visitor trips,Domestic overnight,0.41151018759380553,0,8
Visitor trips,Domestic overnight,0.41151018759380553,1,8
Visitor trips,Domestic overnight,0.41151018759380553,2,8
Visitor trips,Domestic overnight,0.41151018759380553,3,8
Visitor trips,Domestic overnight,0.41151018759380553,4,8
Visitor trips,Domestic overnight,0.41151018759380553,5,8
Visitor trips,Domestic overnight,0.41151018759380553,6,8
Visitor trips,Domestic overnight,0.41151018759380553,7,8
Visitor trips,Domestic overnight,0.41151018759380553,8,8
Visitor trips,Domestic overnight,0.41151018759380553,9,8
Visitor trips,Domestic overnight,0.41151018759380553,0,7
Visitor trips,Domestic overnight,0.41151018759380553,1,7
Visitor trips,Domestic overnight,0.41151018759380553,2,7
Visitor trips,Domestic overnight,0.41151018759380553,3,7
Visitor trips,Domestic overnight,0.41151018759380553,4,7
Visitor trips,Domestic overnight,0.41151018759380553,5,7
Visitor trips,Domestic overnight,0.41151018759380553,6,7
Visitor trips,Domestic overnight,0.41151018759380553,7,7
Visitor trips,Domestic overnight,0.41151018759380553,8,7
Visitor trips,Domestic overnight,0.41151018759380553,9,7
Visitor trips,Domestic overnight,0.41151018759380553,0,6
Visitor trips,Domestic overnight,0.41151018759380553,1,6
Visitor trips,Domestic overnight,0.41151018759380553,2,6
Visitor trips,Domestic overnight,0.41151018759380553,3,6
Visitor trips,Domestic overnight,0.41151018759380553,4,6
Visitor trips,Domestic overnight,0.41151018759380553,5,6
Visitor trips,Domestic overnight,0.41151018759380553,6,6
Visitor trips,Domestic overnight,0.41151018759380553,7,6
Visitor trips,Domestic overnight,0.41151018759380553,8,6
Visitor trips,Domestic overnight,0.41151018759380553,9,6
Visitor trips,Domestic overnight,0.41151018759380553,0,5
Visitor trips,Domestic overnight,0.41151018759380553,1,5
Visitor trips,Domestic overnight,0.41151018759380553,2,5
Visitor trips,Domestic overnight,0.41151018759380553,3,5
Visitor trips,Domestic overnight,0.41151018759380553,4,5
Visitor trips,Domestic day,0.5531557377207756,5,5
Visitor trips,Domestic day,0.5531557377207756,6,5
Visitor trips,Domestic day,0.5531557377207756,7,5
Visitor trips,Domestic day,0.5531557377207756,8,5
Visitor trips,Domestic day,0.5531557377207756,9,5
Visitor trips,Domestic day,0.5531557377207756,0,4
Visitor trips,Domestic day,0.5531557377207756,1,4
Visitor trips,Domestic day,0.5531557377207756,2,4
Visitor trips,Domestic day,0.5531557377207756,3,4
Visitor trips,Domestic day,0.5531557377207756,4,4
Visitor trips,Domestic day,0.5531557377207756,5,4
Visitor trips,Domestic day,0.5531557377207756,6,4
Visitor trips,Domestic day,0.5531557377207756,7,4
Visitor trips,Domestic day,0.5531557377207756,8,4
Visitor trips,Domestic day,0.5531557377207756,9,4
Visitor trips,Domestic day,0.5531557377207756,0,3
Visitor trips,Domestic day,0.5531557377207756,1,3
Visitor trips,Domestic day,0.5531557377207756,2,3
Visitor trips,Domestic day,0.5531557377207756,3,3
Visitor trips,Domestic day,0.5531557377207756,4,3
Visitor trips,Domestic day,0.5531557377207756,5,3
Visitor trips,Domestic day,0.5531557377207756,6,3
Visitor trips,Domestic day,0.5531557377207756,7,3
Visitor trips,Domestic day,0.5531557377207756,8,3
Visitor trips,Domestic day,0.5531557377207756,9,3
Visitor trips,Domestic day,0.5531557377207756,0,2
Visitor trips,Domestic day,0.5531557377207756,1,2
Visitor trips,Domestic day,0.5531557377207756,2,2
Visitor trips,Domestic day,0.5531557377207756,3,2
Visitor trips,Domestic day,0.5531557377207756,4,2
Visitor trips,Domestic day,0.5531557377207756,5,2
Visitor trips,Domestic day,0.5531557377207756,6,2
Visitor trips,Domestic day,0.5531557377207756,7,2
Visitor trips,Domestic day,0.5531557377207756,8,2
Visitor trips,Domestic day,0.5531557377207756,9,2
Visitor trips,Domestic day,0.5531557377207756,0,1
Visitor trips,Domestic day,0.5531557377207756,1,1
Visitor trips,Domestic day,0.5531557377207756,2,1
Visitor trips,Domestic day,0.5531557377207756,3,1
Visitor trips,Domestic day,0.5531557377207756,4,1
Visitor trips,Domestic day,0.5531557377207756,5,1
Visitor trips,Domestic day,0.5531557377207756,6,1
Visitor trips,Domestic day,0.5531557377207756,7,1
Visitor trips,Domestic day,0.5531557377207756,8,1
Visitor trips,Domestic day,0.5531557377207756,9,1
Visitor trips,Domestic day,0.5531557377207756,0,0
Visitor trips,Domestic day,0.5531557377207756,1,0
Visitor trips,Domestic day,0.5531557377207756,2,0
Visitor trips,Domestic day,0.5531557377207756,3,0
Visitor trips,Domestic day,0.5531557377207756,4,0
Visitor trips,Domestic day,0.5531557377207756,5,0
Visitor trips,Domestic day,0.5531557377207756,6,0
Visitor trips,Domestic day,0.5531557377207756,7,0
Visitor trips,Domestic day,0.5531557377207756,8,0
Visitor trips,Domestic day,0.5531557377207756,9,0
Spending in Australia,International,0.13575363236344581,0,9
Spending in Australia,International,0.13575363236344581,1,9
Spending in Australia,International,0.13575363236344581,2,9
Spending in Australia,International,0.13575363236344581,3,9
Spending in Australia,International,0.13575363236344581,4,9
Spending in Australia,International,0.13575363236344581,5,9
Spending in Australia,International,0.13575363236344581,6,9
Spending in Australia,International,0.13575363236344581,7,9
Spending in Australia,International,0.13575363236344581,8,9
Spending in Australia,International,0.13575363236344581,9,9
Spending in Australia,International,0.13575363236344581,0,8
Spending in Australia,International,0.13575363236344581,1,8
Spending in Australia,International,0.13575363236344581,2,8
Spending in Australia,Domestic overnight,0.6972553090620643,3,8
Spending in Australia,Domestic overnight,0.6972553090620643,4,8
Spending in Australia,Domestic overnight,0.6972553090620643,5,8
Spending in Australia,Domestic overnight,0.6972553090620643,6,8
Spending in Australia,Domestic overnight,0.6972553090620643,7,8
Spending in Australia,Domestic overnight,0.6972553090620643,8,8
Spending in Australia,Domestic overnight,0.6972553090620643,9,8
Spending in Australia,Domestic overnight,0.6972553090620643,0,7
Spending in Australia,Domestic overnight,0.6972553090620643,1,7
Spending in Australia,Domestic overnight,0.6972553090620643,2,7
Spending in Australia,Domestic overnight,0.6972553090620643,3,7
Spending in Australia,Domestic overnight,0.6972553090620643,4,7
Spending in Australia,Domestic overnight,0.6972553090620643,5,7
Spending in Australia,Domestic overnight,0.6972553090620643,6,7
Spending in Australia,Domestic overnight,0.6972553090620643,7,7
Spending in Australia,Domestic overnight,0.6972553090620643,8,7
Spending in Australia,Domestic overnight,0.6972553090620643,9,7
Spending in Australia,Domestic overnight,0.6972553090620643,0,6
Spending in Australia,Domestic overnight,0.6972553090620643,1,6
Spending in Australia,Domestic overnight,0.6972553090620643,2,6
Spending in Australia,Domestic overnight,0.6972553090620643,3,6
Spending in Australia,Domestic overnight,0.6972553090620643,4,6
Spending in Australia,Domestic overnight,0.6972553090620643,5,6
Spending in Australia,Domestic overnight,0.6972553090620643,6,6
Spending in Australia,Domestic overnight,0.6972553090620643,7,6
Spending in Australia,Domestic overnight,0.6972553090620643,8,6
Spending in Australia,Domestic overnight,0.6972553090620643,9,6
Spending in Australia,Domestic overnight,0.6972553090620643,0,5
Spending in Australia,Domestic overnight,0.6972553090620643,1,5
Spending in Australia,Domestic overnight,0.6972553090620643,2,5
Spending in Australia,Domestic overnight,0.6972553090620643,3,5
Spending in Australia,Domestic overnight,0.6972553090620643,4,5
Spending in Australia,Domestic overnight,0.6972553090620643,5,5
Spending in Australia,Domestic overnight,0.6972553090620643,6,5
Spending in Australia,Domestic overnight,0.6972553090620643,7,5
Spending in Australia,Domestic overnight,0.6972553090620643,8,5
Spending in Australia,Domestic overnight,0.6972553090620643,9,5
Spending in Australia,Domestic overnight,0.6972553090620643,0,4
Spending in Australia,Domestic overnight,0.6972553090620643,1,4
Spending in Australia,Domestic overnight,0.6972553090620643,2,4
Spending in Australia,Domestic overnight,0.6972553090620643,3,4
Spending in Australia,Domestic overnight,0.6972553090620643,4,4
Spending in Australia,Domestic overnight,0.6972553090620643,5,4
Spending in Australia,Domestic overnight,0.6972553090620643,6,4
Spending in Australia,Domestic overnight,0.6972553090620643,7,4
Spending in Australia,Domestic overnight,0.6972553090620643,8,4
Spending in Australia,Domestic overnight,0.6972553090620643,9,4
Spending in Australia,Domestic overnight,0.6972553090620643,0,3
Spending in Australia,Domestic overnight,0.6972553090620643,1,3
Spending in Australia,Domestic overnight,0.6972553090620643,2,3
Spending in Australia,Domestic overnight,0.6972553090620643,3,3
Spending in Australia,Domestic overnight,0.6972553090620643,4,3
Spending in Australia,Domestic overnight,0.6972553090620643,5,3
Spending in Australia,Domestic overnight,0.6972553090620643,6,3
Spending in Australia,Domestic overnight,0.6972553090620643,7,3
Spending in Australia,Domestic overnight,0.6972553090620643,8,3
Spending in Australia,Domestic overnight,0.6972553090620643,9,3
Spending in Australia,Domestic overnight,0.6972553090620643,0,2
Spending in Australia,Domestic overnight,0.6972553090620643,1,2
Spending in Australia,Domestic overnight,0.6972553090620643,2,2
Spending in Australia,Domestic overnight,0.6972553090620643,3,2
Spending in Australia,Domestic overnight,0.6972553090620643,4,2
Spending in Australia,Domestic overnight,0.6972553090620643,5,2
Spending in Australia,Domestic overnight,0.6972553090620643,6,2
Spending in Australia,Domestic overnight,0.6972553090620643,7,2
Spending in Australia,Domestic overnight,0.6972553090620643,8,2
Spending in Australia,Domestic overnight,0.6972553090620643,9,2
Spending in Australia,Domestic overnight,0.6972553090620643,0,1
Spending in Australia,Domestic overnight,0.6972553090620643,1,1
Spending in Australia,Domestic overnight,0.6972553090620643,2,1
Spending in Australia,Domestic day,0.16699105857448993,3,1
Spending in Australia,Domestic day,0.16699105857448993,4,1
Spending in Australia,Domestic day,0.16699105857448993,5,1
Spending in Australia,Domestic day,0.16699105857448993,6,1
Spending in Australia,Domestic day,0.16699105857448993,7,1
Spending in Australia,Domestic day,0.16699105857448993,8,1
Spending in Australia,Domestic day,0.16699105857448993,9,1
Spending in Australia,Domestic day,0.16699105857448993,0,0
Spending in Australia,Domestic day,0.16699105857448993,1,0
Spending in Australia,Domestic day,0.16699105857448993,2,0
Spending in Australia,Domestic day,0.16699105857448993,3,0
Spending in Australia,Domestic day,0.16699105857448993,4,0
Spending in Australia,Domestic day,0.16699105857448993,5,0
Spending in Australia,Domestic day,0.16699105857448993,6,0
Spending in Australia,Domestic day,0.16699105857448993,7,0
Spending in Australia,Domestic day,0.16699105857448993,8,0
Spending in Australia,Domestic day,0.16699105857448993,9,0
